<?xml version="1.0" encoding="UTF-8"?>
<GenRun Id="data_mem_256x32_synth_1" LaunchPart="xc7a100tcsg324-1" LaunchTime="1591409861">
  <File Type="PA-TCL" Name="data_mem_256x32.tcl"/>
  <File Type="REPORTS-TCL" Name="data_mem_256x32_reports.tcl"/>
  <File Type="RDS-RDS" Name="data_mem_256x32.vds"/>
  <File Type="RDS-UTIL" Name="data_mem_256x32_utilization_synth.rpt"/>
  <File Type="RDS-UTIL-PB" Name="data_mem_256x32_utilization_synth.pb"/>
  <File Type="RDS-DCP" Name="data_mem_256x32.dcp"/>
  <FileSet Name="sources" Type="BlockSrcs" RelSrcDir="$PSRCDIR/data_mem_256x32">
    <File Path="$PSRCDIR/sources_1/ip/data_mem_256x32/data_mem_256x32.xci">
      <FileInfo>
        <Attr Name="ImportPath" Val="$PPRDIR/../cpu_pipeline/cpu_pipeline.srcs/sources_1/ip/data_mem_256x32/data_mem_256x32.xci"/>
        <Attr Name="ImportTime" Val="1590818181"/>
        <Attr Name="UsedIn" Val="synthesis"/>
        <Attr Name="UsedIn" Val="implementation"/>
        <Attr Name="UsedIn" Val="simulation"/>
      </FileInfo>
    </File>
    <Config>
      <Option Name="TopModule" Val="data_mem_256x32"/>
      <Option Name="UseBlackboxStub" Val="1"/>
    </Config>
  </FileSet>
  <FileSet Name="constrs_in" Type="BlockSrcs" RelSrcDir="$PSRCDIR/data_mem_256x32">
    <File Path="$PSRCDIR/sources_1/ip/data_mem_256x32/data_mem_256x32.xci">
      <FileInfo>
        <Attr Name="ImportPath" Val="$PPRDIR/../cpu_pipeline/cpu_pipeline.srcs/sources_1/ip/data_mem_256x32/data_mem_256x32.xci"/>
        <Attr Name="ImportTime" Val="1590818181"/>
        <Attr Name="UsedIn" Val="synthesis"/>
        <Attr Name="UsedIn" Val="implementation"/>
        <Attr Name="UsedIn" Val="simulation"/>
      </FileInfo>
    </File>
    <Config>
      <Option Name="TopModule" Val="data_mem_256x32"/>
      <Option Name="UseBlackboxStub" Val="1"/>
    </Config>
  </FileSet>
  <FileSet Name="utils" Type="Utils" RelSrcDir="$PSRCDIR/utils_1">
    <Filter Type="Utils"/>
    <Config>
      <Option Name="TopAutoSet" Val="TRUE"/>
    </Config>
  </FileSet>
  <Strategy Version="1" Minor="2">
    <StratHandle Name="Vivado Synthesis Defaults" Flow="Vivado Synthesis 2019"/>
    <Step Id="synth_design"/>
  </Strategy>
</GenRun>
