<?xml version="1.0" encoding="UTF-8"?>
<GenRun Id="synth_1" LaunchPart="xc7a100tcsg324-1" LaunchTime="1591203158">
  <File Type="PA-TCL" Name="dbu.tcl"/>
  <File Type="REPORTS-TCL" Name="dbu_reports.tcl"/>
  <File Type="RDS-RDS" Name="dbu.vds"/>
  <File Type="RDS-UTIL" Name="dbu_utilization_synth.rpt"/>
  <File Type="RDS-UTIL-PB" Name="dbu_utilization_synth.pb"/>
  <File Type="RDS-DCP" Name="dbu.dcp"/>
  <FileSet Name="sources" Type="DesignSrcs" RelSrcDir="$PSRCDIR/sources_1">
    <Filter Type="Srcs"/>
    <File Path="$PSRCDIR/sources_1/new/ALU.v">
      <FileInfo>
        <Attr Name="ImportPath" Val="$PPRDIR/../cpu_pipeline/cpu_pipeline.srcs/sources_1/new/ALU.v"/>
        <Attr Name="ImportTime" Val="1590741294"/>
        <Attr Name="UsedIn" Val="synthesis"/>
        <Attr Name="UsedIn" Val="implementation"/>
        <Attr Name="UsedIn" Val="simulation"/>
      </FileInfo>
    </File>
    <File Path="$PSRCDIR/sources_1/new/alu_control.v">
      <FileInfo>
        <Attr Name="ImportPath" Val="$PPRDIR/../cpu_pipeline/cpu_pipeline.srcs/sources_1/new/alu_control.v"/>
        <Attr Name="ImportTime" Val="1590741373"/>
        <Attr Name="UsedIn" Val="synthesis"/>
        <Attr Name="UsedIn" Val="implementation"/>
        <Attr Name="UsedIn" Val="simulation"/>
      </FileInfo>
    </File>
    <File Path="$PSRCDIR/sources_1/new/control_unit.v">
      <FileInfo>
        <Attr Name="ImportPath" Val="$PPRDIR/../cpu_pipeline/cpu_pipeline.srcs/sources_1/new/control_unit.v"/>
        <Attr Name="ImportTime" Val="1590913681"/>
        <Attr Name="UsedIn" Val="synthesis"/>
        <Attr Name="UsedIn" Val="implementation"/>
        <Attr Name="UsedIn" Val="simulation"/>
      </FileInfo>
    </File>
    <File Path="$PSRCDIR/sources_1/new/cpu_pipeline.v">
      <FileInfo>
        <Attr Name="ImportPath" Val="$PPRDIR/../cpu_pipeline/cpu_pipeline.srcs/sources_1/new/cpu_pipeline.v"/>
        <Attr Name="ImportTime" Val="1590978456"/>
        <Attr Name="UsedIn" Val="synthesis"/>
        <Attr Name="UsedIn" Val="implementation"/>
        <Attr Name="UsedIn" Val="simulation"/>
      </FileInfo>
    </File>
    <File Path="$PSRCDIR/sources_1/new/edge_taker.v">
      <FileInfo>
        <Attr Name="ImportPath" Val="$PPRDIR/../cpu_pipeline/cpu_pipeline.srcs/sources_1/new/edge_taker.v"/>
        <Attr Name="ImportTime" Val="1590929165"/>
        <Attr Name="UsedIn" Val="synthesis"/>
        <Attr Name="UsedIn" Val="implementation"/>
        <Attr Name="UsedIn" Val="simulation"/>
      </FileInfo>
    </File>
    <File Path="$PSRCDIR/sources_1/new/forwarding_unit.v">
      <FileInfo>
        <Attr Name="ImportPath" Val="$PPRDIR/../cpu_pipeline/cpu_pipeline.srcs/sources_1/new/forwarding_unit.v"/>
        <Attr Name="ImportTime" Val="1590897668"/>
        <Attr Name="UsedIn" Val="synthesis"/>
        <Attr Name="UsedIn" Val="implementation"/>
        <Attr Name="UsedIn" Val="simulation"/>
      </FileInfo>
    </File>
    <File Path="$PSRCDIR/sources_1/new/hazard_detection_unit.v">
      <FileInfo>
        <Attr Name="ImportPath" Val="$PPRDIR/../cpu_pipeline/cpu_pipeline.srcs/sources_1/new/hazard_detection_unit.v"/>
        <Attr Name="ImportTime" Val="1590856065"/>
        <Attr Name="UsedIn" Val="synthesis"/>
        <Attr Name="UsedIn" Val="implementation"/>
        <Attr Name="UsedIn" Val="simulation"/>
      </FileInfo>
    </File>
    <File Path="$PSRCDIR/sources_1/new/nixietube.v">
      <FileInfo>
        <Attr Name="ImportPath" Val="$PPRDIR/../cpu_pipeline/cpu_pipeline.srcs/sources_1/new/nixietube.v"/>
        <Attr Name="ImportTime" Val="1590741396"/>
        <Attr Name="UsedIn" Val="synthesis"/>
        <Attr Name="UsedIn" Val="implementation"/>
        <Attr Name="UsedIn" Val="simulation"/>
      </FileInfo>
    </File>
    <File Path="$PSRCDIR/sources_1/new/register.v">
      <FileInfo>
        <Attr Name="ImportPath" Val="$PPRDIR/../cpu_pipeline/cpu_pipeline.srcs/sources_1/new/register.v"/>
        <Attr Name="ImportTime" Val="1590838450"/>
        <Attr Name="UsedIn" Val="synthesis"/>
        <Attr Name="UsedIn" Val="implementation"/>
        <Attr Name="UsedIn" Val="simulation"/>
      </FileInfo>
    </File>
    <File Path="$PSRCDIR/sources_1/new/register_file.v">
      <FileInfo>
        <Attr Name="ImportPath" Val="$PPRDIR/../cpu_pipeline/cpu_pipeline.srcs/sources_1/new/register_file.v"/>
        <Attr Name="ImportTime" Val="1590845141"/>
        <Attr Name="UsedIn" Val="synthesis"/>
        <Attr Name="UsedIn" Val="implementation"/>
        <Attr Name="UsedIn" Val="simulation"/>
      </FileInfo>
    </File>
    <File Path="$PSRCDIR/sources_1/new/dbu.v">
      <FileInfo>
        <Attr Name="ImportPath" Val="$PPRDIR/../cpu_pipeline/cpu_pipeline.srcs/sources_1/new/dbu.v"/>
        <Attr Name="ImportTime" Val="1590943018"/>
        <Attr Name="UsedIn" Val="synthesis"/>
        <Attr Name="UsedIn" Val="implementation"/>
        <Attr Name="UsedIn" Val="simulation"/>
      </FileInfo>
    </File>
    <File Path="$PPRDIR/../lab3_test/ins.coe">
      <FileInfo>
        <Attr Name="UsedIn" Val="synthesis"/>
        <Attr Name="UsedIn" Val="simulation"/>
      </FileInfo>
    </File>
    <File Path="$PPRDIR/../lab3_test/data.coe">
      <FileInfo>
        <Attr Name="UsedIn" Val="synthesis"/>
        <Attr Name="UsedIn" Val="simulation"/>
      </FileInfo>
    </File>
    <File Path="$PPRDIR/../lab5_test_branch_predictor/ins.coe">
      <FileInfo>
        <Attr Name="UsedIn" Val="synthesis"/>
        <Attr Name="UsedIn" Val="simulation"/>
      </FileInfo>
    </File>
    <File Path="$PPRDIR/../lab5_test/ins.coe">
      <FileInfo>
        <Attr Name="UsedIn" Val="synthesis"/>
        <Attr Name="UsedIn" Val="simulation"/>
      </FileInfo>
    </File>
    <File Path="$PPRDIR/../lab5_test/data.coe">
      <FileInfo>
        <Attr Name="UsedIn" Val="synthesis"/>
        <Attr Name="UsedIn" Val="simulation"/>
      </FileInfo>
    </File>
    <File Path="$PPRDIR/../lab5_test_hzy/ins.coe">
      <FileInfo>
        <Attr Name="UsedIn" Val="synthesis"/>
        <Attr Name="UsedIn" Val="simulation"/>
      </FileInfo>
    </File>
    <Config>
      <Option Name="DesignMode" Val="RTL"/>
      <Option Name="TopModule" Val="dbu"/>
    </Config>
  </FileSet>
  <FileSet Name="constrs_in" Type="Constrs" RelSrcDir="$PSRCDIR/constrs_1">
    <Filter Type="Constrs"/>
    <File Path="$PSRCDIR/constrs_1/imports/VivadoProject/Nexys-4-DDR-Master.xdc">
      <FileInfo>
        <Attr Name="ImportPath" Val="$PPRDIR/../../../Nexys-4-DDR-Master.xdc"/>
        <Attr Name="ImportTime" Val="1588562512"/>
        <Attr Name="UsedIn" Val="synthesis"/>
        <Attr Name="UsedIn" Val="implementation"/>
      </FileInfo>
    </File>
    <Config>
      <Option Name="ConstrsType" Val="XDC"/>
    </Config>
  </FileSet>
  <FileSet Name="utils" Type="Utils" RelSrcDir="$PSRCDIR/utils_1">
    <Filter Type="Utils"/>
    <Config>
      <Option Name="TopAutoSet" Val="TRUE"/>
    </Config>
  </FileSet>
  <Strategy Version="1" Minor="2">
    <StratHandle Name="Vivado Synthesis Defaults" Flow="Vivado Synthesis 2019"/>
    <Step Id="synth_design"/>
  </Strategy>
  <BlockFileSet Type="BlockSrcs" Name="instr_mem_256x32"/>
  <BlockFileSet Type="BlockSrcs" Name="data_mem_256x32"/>
</GenRun>
