<?xml version="1.0" encoding="UTF-8"?>
<GenRun Id="dist_mem_gen_16x8_synth_1" LaunchPart="xc7a100tcsg324-1" LaunchTime="1588241591">
  <File Type="PA-TCL" Name="dist_mem_gen_16x8.tcl"/>
  <File Type="RDS-PROPCONSTRS" Name="dist_mem_gen_16x8_drc_synth.rpt"/>
  <File Type="REPORTS-TCL" Name="dist_mem_gen_16x8_reports.tcl"/>
  <File Type="RDS-RDS" Name="dist_mem_gen_16x8.vds"/>
  <File Type="RDS-UTIL" Name="dist_mem_gen_16x8_utilization_synth.rpt"/>
  <File Type="RDS-UTIL-PB" Name="dist_mem_gen_16x8_utilization_synth.pb"/>
  <File Type="RDS-DCP" Name="dist_mem_gen_16x8.dcp"/>
  <File Type="VDS-TIMINGSUMMARY" Name="dist_mem_gen_16x8_timing_summary_synth.rpt"/>
  <File Type="VDS-TIMING-PB" Name="dist_mem_gen_16x8_timing_summary_synth.pb"/>
  <FileSet Name="sources" Type="BlockSrcs" RelSrcDir="$PSRCDIR/dist_mem_gen_16x8">
    <File Path="$PSRCDIR/sources_1/ip/dist_mem_gen_16x8/dist_mem_gen_16x8.xci">
      <FileInfo>
        <Attr Name="ImportPath" Val="$PPRDIR/../Lab2.srcs/sources_1/ip/dist_mem_gen_16x8/dist_mem_gen_16x8.xci"/>
        <Attr Name="ImportTime" Val="1588220512"/>
        <Attr Name="UsedIn" Val="synthesis"/>
        <Attr Name="UsedIn" Val="implementation"/>
        <Attr Name="UsedIn" Val="simulation"/>
      </FileInfo>
    </File>
    <Config>
      <Option Name="TopModule" Val="dist_mem_gen_16x8"/>
      <Option Name="UseBlackboxStub" Val="1"/>
    </Config>
  </FileSet>
  <FileSet Name="constrs_in" Type="BlockSrcs" RelSrcDir="$PSRCDIR/dist_mem_gen_16x8">
    <File Path="$PSRCDIR/sources_1/ip/dist_mem_gen_16x8/dist_mem_gen_16x8.xci">
      <FileInfo>
        <Attr Name="ImportPath" Val="$PPRDIR/../Lab2.srcs/sources_1/ip/dist_mem_gen_16x8/dist_mem_gen_16x8.xci"/>
        <Attr Name="ImportTime" Val="1588220512"/>
        <Attr Name="UsedIn" Val="synthesis"/>
        <Attr Name="UsedIn" Val="implementation"/>
        <Attr Name="UsedIn" Val="simulation"/>
      </FileInfo>
    </File>
    <Config>
      <Option Name="TopModule" Val="dist_mem_gen_16x8"/>
      <Option Name="UseBlackboxStub" Val="1"/>
    </Config>
  </FileSet>
  <FileSet Name="utils" Type="Utils" RelSrcDir="$PSRCDIR/utils_1">
    <Filter Type="Utils"/>
    <Config>
      <Option Name="TopAutoSet" Val="TRUE"/>
    </Config>
  </FileSet>
  <Strategy Version="1" Minor="2">
    <StratHandle Name="Vivado Synthesis Defaults" Flow="Vivado Synthesis 2019">
      <Desc>Vivado Synthesis Defaults</Desc>
    </StratHandle>
    <Step Id="synth_design"/>
  </Strategy>
</GenRun>
